customer_id,customername,state,city
1,David Padilla,Florida,Miami
2,Connor Morgan,Illinois,Chicago
3,Robert Stone,New York,Buffalo
4,John Fields,Florida,Orlando
5,Clayton Smith,Florida,Miami
6,Richard Kelley,California,Los Angeles
7,Jacqueline Hubbard,New York,New York City
8,Jessica Anderson,New York,New York City
9,Mary Taylor,Florida,Orlando
10,Walter Crawford,Illinois,Springfield
11,Lawrence Robinson,New York,Rochester
12,Douglas Pennington,Texas,Dallas
13,Ricardo Andrews,California,San Diego
14,Paul Raymond,California,San Diego
15,Karen Johnson,New York,Rochester
16,Juan Erickson,Texas,Austin
17,Alexander Reed,New York,New York City
18,Jacqueline Harris,California,San Francisco
19,Tyler Park,California,San Francisco
20,Richard Wolfe,Ohio,Columbus
21,Sierra Rios,Florida,Orlando
22,Jessica Richardson,California,San Diego
23,Kimberly Warren,Ohio,Cincinnati
24,Casey Garcia,Florida,Orlando
25,Denise Hampton,California,San Francisco
26,Justin Rodriguez,Ohio,Cleveland
27,Ms. Emily Baxter,New York,Rochester
28,Austin White,California,Los Angeles
29,Morgan Montes,California,San Diego
30,Christine Mosley,Ohio,Cincinnati
31,Ashley Rodriguez,Texas,Austin
32,Elizabeth King,Texas,Dallas
33,Connie Holmes,Ohio,Cincinnati
34,Melissa Peck,Florida,Miami
35,David Smith,Florida,Orlando
36,Jacqueline Harris,Texas,Houston
37,Heather Jenkins,New York,Buffalo
38,Kelsey Castaneda,Ohio,Cleveland
39,Katherine Harris,California,Los Angeles
40,Paul Rogers,Florida,Miami
41,Jon Banks,Florida,Tampa
42,Michelle Williams,New York,Buffalo
43,Andrew Allen,California,San Diego
44,Vanessa Bauer,New York,Buffalo
45,Sean Smith,Ohio,Cleveland
46,Shelly Sweeney,New York,New York City
47,Emily Gill,Illinois,Springfield
48,Brian Patrick,Florida,Tampa
49,Dr. Sarah Booth,Ohio,Cincinnati
50,Douglas Mcfarland,Ohio,Cleveland
51,Kayla Ross,Illinois,Peoria
52,Marc Strickland,Florida,Orlando
53,Charlene Brown,Florida,Miami
54,Charles Smith,Ohio,Columbus
55,Karen Townsend,Texas,Houston
56,Steven Cox,California,Los Angeles
57,Cynthia Rodriguez,New York,Rochester
58,Jessica Baker,Texas,Austin
59,Mark Blackburn,Texas,Dallas
60,Zachary Perez,Texas,Austin
61,Brian Green,California,San Diego
62,Becky Leach,Florida,Miami
63,Bryan Russell,Texas,Dallas
64,Tony Maddox,California,San Francisco
65,Jason Randolph,California,San Francisco
66,Laura Andrews,New York,New York City
67,Mrs. Stephanie Hooper,California,San Francisco
68,Anthony Evans,Ohio,Cleveland
69,Patrick Williams,New York,Rochester
70,Susan Burke,Texas,Austin
71,Brent Hernandez,New York,Rochester
72,Sean Elliott,California,San Francisco
73,Wanda West,Ohio,Cleveland
74,Renee Solomon,Florida,Tampa
75,Daryl Miles,Florida,Orlando
76,Michael Hunt,Texas,Dallas
77,Adam Clark,California,San Francisco
78,Amy Olsen,Illinois,Springfield
79,Stacey Miller,California,San Diego
80,Daniel Mosley,California,Los Angeles
81,Monica Gibson,Illinois,Springfield
82,Christopher Jordan,Ohio,Columbus
83,Christina Davis,Illinois,Chicago
84,Claudia Curry,Texas,Austin
85,Brandon Anderson,Texas,Austin
86,George Foster,Texas,Dallas
87,Nicholas Anderson,Florida,Orlando
88,Emily Ellison,California,Los Angeles
89,Darren Perez,Texas,Austin
90,Michelle Hunter,Ohio,Cincinnati
91,Janet Guerrero,New York,Rochester
92,Jeffrey Kline,Florida,Miami
93,Ryan Bullock,Florida,Tampa
94,Tom Lawson,New York,Buffalo
95,Rebecca Smith,Texas,Dallas
96,William Welch,Florida,Orlando
97,Mr. Curtis Bailey,Florida,Tampa
98,Janet Carlson,Florida,Miami
99,Spencer Spears,Illinois,Chicago
100,Jeffrey Middleton,New York,Buffalo
101,Veronica Kelley,Florida,Orlando
102,Leslie Bean,Illinois,Springfield
103,Amy Wilson,California,Los Angeles
104,Susan Ramirez,Ohio,Cleveland
105,Jacob Meyer,Illinois,Peoria
106,Scott Lewis,Texas,Houston
107,Eric Griffith,Illinois,Chicago
108,Anna Ferguson,California,San Francisco
109,David Figueroa,Florida,Miami
110,Theresa Medina,Illinois,Springfield
111,Mary Smith,Florida,Miami
112,Lance Cain,Florida,Tampa
113,Alexandra Moran,California,San Francisco
114,Sara Castro,Illinois,Chicago
115,Shawn Leach,Illinois,Peoria
116,Mark Boyle,New York,Buffalo
117,John Stevens,California,San Francisco
118,Lisa Graham,Illinois,Peoria
119,Nancy Jones,Ohio,Cleveland
120,Darryl Robbins,Illinois,Peoria
121,Kimberly Smith,Illinois,Springfield
122,Maria Thomas,Florida,Miami
123,Nicholas Johnson,Texas,Dallas
124,Dawn Howard,Texas,Houston
125,Jennifer Marshall,California,San Francisco
126,Frank Garcia,New York,Buffalo
127,Terri Madden,New York,Rochester
128,James Gutierrez,New York,Rochester
129,Morgan Sellers,California,Los Angeles
130,Caitlin Thomas,New York,New York City
131,Kimberly Greene,Florida,Orlando
132,Tammy Anthony,Ohio,Cleveland
133,Jennifer Chase,New York,Buffalo
134,Cassandra Farley,Florida,Orlando
135,Justin Vasquez,Texas,Houston
136,Melissa Morales,Texas,Houston
137,Tyler Thompson,Texas,Dallas
138,Heidi Davis,New York,Buffalo
139,Charles Lane,Texas,Dallas
140,Joyce Good MD,Florida,Miami
141,Maria Miller,New York,Buffalo
142,Terry Mcdaniel,Ohio,Cincinnati
143,Lisa Jacobs,New York,Buffalo
144,Jeff Duncan,Ohio,Cincinnati
145,Pamela Jones,New York,New York City
146,Renee Robinson,Ohio,Columbus
147,Jessica Kidd,New York,Buffalo
148,Nicholas Martin,Florida,Tampa
149,David Brown,Illinois,Peoria
150,Amber Moore,New York,New York City
151,James Williams,California,San Francisco
152,Karina Barr,Texas,Dallas
153,Meghan Rush,Ohio,Cleveland
154,Bianca Brown,Ohio,Columbus
155,Timothy Jensen,Florida,Orlando
156,Melinda Montoya,California,San Francisco
157,Tammy Bell,Ohio,Cincinnati
158,Connie Richards,Ohio,Cleveland
159,Peter Ward,New York,Rochester
160,Jonathan Alvarez,Ohio,Columbus
161,Becky Hodges,Texas,Houston
162,Larry Hill,New York,New York City
163,Amber Moon,Ohio,Cleveland
164,Cynthia Wilcox,Illinois,Chicago
165,Rebecca Wright,New York,Rochester
166,Sarah Flores,Illinois,Springfield
167,Carol Norman,New York,Rochester
168,Stephanie Gardner,California,San Diego
169,Philip Baker,Illinois,Peoria
170,Randall Dennis,Florida,Orlando
171,Suzanne Cross,Texas,Austin
172,Jasmine Delgado,Illinois,Chicago
173,Kristen Harper,New York,Buffalo
174,Kaitlyn Graham MD,New York,New York City
175,Dean Avila,Ohio,Cincinnati
176,Megan Mack,Texas,Austin
177,Heather Johnson,California,Los Angeles
178,Tina Davies,Illinois,Chicago
179,Matthew Harris,Texas,Dallas
180,Christopher Kirk,Florida,Miami
181,Eric Stevens,Florida,Miami
182,James Dickerson,Texas,Houston
183,James Jones,Texas,Dallas
184,Hannah Hendricks,Ohio,Cleveland
185,Brett Mullins,Florida,Orlando
186,Ms. Kim Jordan,Illinois,Chicago
187,Marcus Santiago,New York,Buffalo
188,Jill Perez,California,San Diego
189,Courtney Williams,Ohio,Columbus
190,Jordan Hahn,New York,Rochester
191,William Cook,Ohio,Cleveland
192,Stephanie Hayes,Texas,Austin
193,Melissa Wise,Ohio,Columbus
194,Elizabeth Gonzalez,California,San Diego
195,Mr. Eric Lopez,New York,Buffalo
196,Benjamin Higgins,New York,Rochester
197,Brett Sutton,Texas,Austin
198,Anna Blackburn,Ohio,Cincinnati
199,Michelle Bailey,Texas,Dallas
200,Sara Peterson,Illinois,Chicago
201,Katherine Williams,Florida,Orlando
202,Cory Evans,Florida,Orlando
203,Michael Rodriguez,Ohio,Cincinnati
204,John Munoz,Texas,Dallas
205,David Clark,Florida,Tampa
206,April Welch,Illinois,Springfield
207,Alan Livingston,Illinois,Peoria
208,Angela Jackson,Texas,Dallas
209,Amy Williams,Texas,Austin
210,Laura Jordan,Texas,Dallas
211,Richard Maynard,Ohio,Cincinnati
212,Lawrence Oliver,Illinois,Springfield
213,Anthony Williams,New York,Rochester
214,Lynn Matthews,Texas,Dallas
215,Andrew Griffin,Illinois,Chicago
216,Megan Williams,Illinois,Chicago
217,Alison Martin,New York,Buffalo
218,Samuel Wallace,California,San Francisco
219,Manuel Stark,Illinois,Springfield
220,William Villarreal,Florida,Orlando
221,Brandon Kirk,Ohio,Cleveland
222,Abigail Brown,California,Los Angeles
223,Kristine Carter,Texas,Houston
224,Wesley Deleon,Illinois,Springfield
225,Laura Cole,Florida,Tampa
226,Lauren Harris,Ohio,Cleveland
227,Cameron Miller,Illinois,Chicago
228,Jacob Carpenter,New York,Buffalo
229,Pamela Callahan DVM,Ohio,Columbus
230,William Ruiz,Florida,Miami
231,Paula Marshall,Texas,Dallas
232,Natalie Cox,Florida,Orlando
233,Andrew Fernandez,Ohio,Cincinnati
234,Alisha Saunders,California,San Francisco
235,Travis Chandler DDS,New York,Rochester
236,Russell Austin,New York,New York City
237,Collin Cameron,California,San Francisco
238,Elizabeth Hernandez,Florida,Orlando
239,William Russell,Texas,Austin
240,Sheri Berg,California,Los Angeles
241,Anthony Barnett,Illinois,Peoria
242,Kaitlyn Flores,Ohio,Cleveland
243,Rebecca Owen,Illinois,Springfield
244,Michael Bell,California,San Diego
245,Willie Huynh,New York,Buffalo
246,Samuel Hayes,Illinois,Peoria
247,Sherry Tran,New York,Buffalo
248,Heather Gray,Ohio,Cincinnati
249,Benjamin Meadows,Illinois,Peoria
250,Micheal Graham,New York,Buffalo
251,Jean Jackson,California,San Francisco
252,Timothy Murphy,California,San Francisco
253,Mrs. Jennifer Lewis,California,San Francisco
254,Bryan Brown,New York,Rochester
255,Christopher Johnson,Florida,Miami
256,Christina Conner,Ohio,Columbus
257,Luis Luna,California,San Francisco
258,Julie Chavez,Ohio,Cincinnati
259,Richard Blair,Florida,Miami
260,Mitchell Lester,Illinois,Chicago
261,Mr. John Tyler PhD,Texas,Houston
262,Juan Kelly,Florida,Miami
263,Morgan Mccarthy,Texas,Dallas
264,Morgan Sullivan,Texas,Houston
265,Eric Clark,Florida,Orlando
266,Mark Padilla,California,San Diego
267,Anthony Lane,Ohio,Cleveland
268,Jeffrey Henderson,Florida,Tampa
269,Michelle Hardy,Texas,Dallas
270,Ms. Barbara Cervantes,New York,Rochester
271,Steven Proctor,Texas,Austin
272,Shannon Patterson,Illinois,Springfield
273,William Valdez,California,San Diego
274,Laura Yu,Texas,Houston
275,Jonathan Mcmillan,New York,Buffalo
276,Austin Davis,California,San Diego
277,Mark Roy,California,San Francisco
278,Jillian Williams,California,San Diego
279,Rebekah Carter,Florida,Orlando
280,Jonathan Reed,California,San Francisco
281,Roger Harris,Illinois,Springfield
282,Louis Jimenez,Florida,Tampa
283,Jessica Jones,Illinois,Peoria
284,Renee Gomez,Florida,Miami
285,Connie Olson,Texas,Houston
286,Christian Jones,New York,Buffalo
287,Matthew Kelley,Florida,Orlando
288,Candace Martinez,Florida,Tampa
289,Jacob Mann,Texas,Austin
290,Keith Reese,Texas,Austin
291,Aaron Jones,Texas,Austin
292,Christopher Brooks,Illinois,Peoria
293,Charles Moore,Florida,Miami
294,Manuel Walls,Texas,Houston
295,Darren Moore,Illinois,Peoria
296,Stephanie Thomas,New York,Rochester
297,Kristy Hernandez,California,San Diego
298,Randy Johnson,Ohio,Columbus
299,James Benitez,Florida,Miami
300,Donald York,New York,Buffalo
301,Tiffany Parker,Texas,Houston
302,Melissa Mcknight,California,Los Angeles
303,Mr. Jack Mercado,Ohio,Cincinnati
304,Christian Jones,New York,Rochester
305,Rachel Fisher,Illinois,Peoria
306,Donald Moore,New York,Rochester
307,William Wu,Florida,Tampa
308,Jesus Zuniga,Texas,Houston
309,Michael Gallegos,California,Los Angeles
310,Robert Daniels,Illinois,Chicago
311,Jill Jones,New York,New York City
312,Elizabeth Miller,Illinois,Springfield
313,Sabrina Clark,California,Los Angeles
314,Larry Casey,Illinois,Chicago
315,Daniel Burns,New York,Rochester
316,James Tanner,Texas,Houston
317,Leonard Gonzalez,California,San Francisco
318,Richard Lee,New York,Buffalo
319,Matthew Schroeder,Ohio,Cleveland
320,Marcus Flores,California,Los Angeles
321,Tonya Long,Florida,Miami
322,Michael Chambers,California,Los Angeles
323,Kaylee Glover,Illinois,Springfield
324,Pamela Patterson,California,San Francisco
325,Ronald Mckinney,Texas,Austin
326,James Hart,Illinois,Chicago
327,Rhonda Harris,Florida,Orlando
328,Randy Fisher,Texas,Houston
329,James Hernandez,California,San Francisco
330,Brenda Murphy,California,San Francisco
331,Andrew Kirby,California,San Diego
332,Justin Thomas,California,San Francisco
333,Jillian Johnson MD,California,San Diego
334,William Martin,Ohio,Columbus
335,Mark Dixon,Ohio,Cincinnati
336,Alicia Allen,Texas,Dallas
337,Cynthia Meyer,Florida,Tampa
338,Brandon Norton,Illinois,Springfield
339,Christina Scott,Florida,Tampa
340,Andrew Macias,Texas,Austin
341,Alejandro Williams,Illinois,Springfield
342,Mark Rodriguez,New York,New York City
343,Sarah Montgomery,Illinois,Chicago
344,Marisa Prince,New York,Buffalo
345,James Bonilla,California,San Diego
346,Robin Myers,Texas,Dallas
347,Nancy Sanchez,Illinois,Springfield
348,Sydney Walls,Illinois,Chicago
349,Deborah Hoffman,Florida,Miami
350,Megan Williams,Texas,Dallas
351,Shane Clark,California,San Diego
352,Steven Haynes,Illinois,Springfield
353,Kimberly Fuller,New York,Buffalo
354,Angela Lyons,New York,New York City
355,Betty Tucker,Ohio,Cincinnati
356,Brianna Hunt,Florida,Miami
357,Cathy Clark,Florida,Tampa
358,Nicole Warren,California,Los Angeles
359,Richard Castaneda,Ohio,Cleveland
360,Sarah Torres,California,San Diego
361,Vanessa Deleon,Florida,Tampa
362,Richard Lyons,Texas,Dallas
363,Eric Adams,Illinois,Springfield
364,Chad Brown,Florida,Orlando
365,Kayla Becker,California,Los Angeles
366,Ashley Freeman,Florida,Tampa
367,Scott Harris,California,Los Angeles
368,John James,Ohio,Columbus
369,Jesse Bond,Illinois,Springfield
370,Brandon Hughes,Texas,Dallas
371,Lynn Reynolds,Ohio,Cincinnati
372,Ronald Good,Florida,Miami
373,Kyle Baker,Texas,Houston
374,Michael Rivera,California,Los Angeles
375,Lori Adkins,California,San Diego
376,Luis Warner,New York,New York City
377,Donald Perry,Florida,Orlando
378,Adam Stevens,New York,Buffalo
379,Kimberly Johnson,New York,Buffalo
380,Kelly Jones,New York,Rochester
381,Ashley Petty,Illinois,Peoria
382,Crystal Ross,Texas,Austin
383,Alexis Duffy,California,Los Angeles
384,Stephanie Sanchez,Florida,Miami
385,Reginald Espinoza,Ohio,Cleveland
386,Sandra Hicks,California,San Diego
387,Olivia Orozco,Texas,Austin
388,Larry Moore,Florida,Tampa
389,Mrs. Rachel Cannon DDS,Florida,Tampa
390,Daniel Flowers,Illinois,Springfield
391,Randy Acosta,Florida,Tampa
392,Deborah Williams,Illinois,Chicago
393,Robert Michael,Texas,Austin
394,Danny Ramirez,New York,New York City
395,Stephen Baker,Ohio,Columbus
396,Jeffrey Wilcox,Illinois,Peoria
397,James Clarke,Texas,Dallas
398,Julia Gallagher,Texas,Houston
399,Ronald Frey Jr.,New York,New York City
400,Megan Charles,Florida,Tampa
401,Amy Duran MD,Florida,Orlando
402,Christopher Thomas,New York,New York City
403,Peter Castro,Texas,Dallas
404,Steven Acosta,Florida,Orlando
405,Lindsay Jackson,Texas,Austin
406,Kelly Smith,Ohio,Cleveland
407,Sabrina Hartman,Florida,Tampa
408,Cynthia Smith,New York,Rochester
409,Olivia Dickerson,New York,Buffalo
410,Whitney Stout,Texas,Austin
411,Stephanie Flores,California,San Diego
412,Gregory English,California,Los Angeles
413,Natalie Maxwell,New York,New York City
414,Tina Blake,New York,Buffalo
415,Clarence Cooke,California,San Francisco
416,Tamara Guzman,New York,Buffalo
417,Marissa Hartman,New York,Buffalo
418,Sara Garcia,Illinois,Peoria
419,Kathryn Rogers,Ohio,Columbus
420,Kyle Dickson,Texas,Dallas
421,Jacob Decker,Florida,Tampa
422,Aaron Johnson,New York,Rochester
423,William Morse,New York,Rochester
424,Carrie Smith,Illinois,Peoria
425,Vincent Roth,California,Los Angeles
426,Andrew Benson,Florida,Orlando
427,Jason Wilson,Texas,Austin
428,Colin Patterson,New York,New York City
429,Eric Bates,Ohio,Columbus
430,Steven Keith,California,San Francisco
431,Seth Rodriguez,Florida,Tampa
432,Lauren Jones,Ohio,Cincinnati
433,Thomas Wallace,Texas,Dallas
434,Mr. Daniel Wilson,Ohio,Cincinnati
435,Julie Smith MD,New York,Rochester
436,Carol Mitchell,Illinois,Chicago
437,John Thompson,Texas,Austin
438,Debra Rodriguez,Florida,Tampa
439,Erin Vasquez,Florida,Orlando
440,Clayton Lara,Florida,Miami
441,Tony Ray,Ohio,Cleveland
442,Steven Frey,Florida,Miami
443,Stephanie Leonard,New York,Buffalo
444,Crystal Chambers,New York,New York City
445,Robert White,Florida,Orlando
446,Sylvia Barron,New York,Rochester
447,Marcus Brown,Illinois,Chicago
448,Annette Pierce,New York,Rochester
449,Donald Hernandez,California,San Francisco
450,Megan Davis,Ohio,Cleveland
451,Robert Brooks,Texas,Houston
452,Miguel Alvarez,New York,Rochester
453,Jennifer Arnold,New York,New York City
454,Jessica Blankenship,Ohio,Cincinnati
455,Peggy Campos,New York,Buffalo
456,Craig Ortega,Ohio,Cincinnati
457,Johnny Simon,California,Los Angeles
458,Keith Brooks,New York,New York City
459,Jason Martinez,Ohio,Columbus
460,Steven Herrera,California,San Diego
461,Beverly Lamb,Illinois,Chicago
462,Michael Williams,Illinois,Springfield
463,Zachary Carpenter,California,Los Angeles
464,Timothy Baker,Texas,Austin
465,Adam James,Illinois,Chicago
466,Katrina Wood,Illinois,Chicago
467,James Murray,Texas,Dallas
468,Mr. Nathaniel Reeves,New York,Rochester
469,Jodi Wood,Ohio,Cleveland
470,Dr. Thomas Peterson,California,San Diego
471,Mario Hall,New York,New York City
472,Justin Rosales,Florida,Miami
473,Autumn Lee,Ohio,Columbus
474,Victoria Duran,Texas,Dallas
475,Barry Garcia,Illinois,Springfield
476,Dawn Webb,Illinois,Peoria
477,Patricia Sanford,Texas,Austin
478,William Walters,California,San Francisco
479,Emma Scott,New York,Buffalo
480,Sabrina Buckley,New York,Rochester
481,Robert Rojas,California,San Francisco
482,Eric Johnson,Ohio,Cleveland
483,Heather Parker,Texas,Austin
484,Thomas Matthews,Illinois,Peoria
485,Kimberly Beard,Ohio,Cleveland
486,Lydia Donovan,Illinois,Peoria
487,Edward Johnson,Florida,Orlando
488,Ricky Smith,Florida,Miami
489,Mr. Ralph Garcia Jr.,New York,Rochester
490,Malik Walker,New York,New York City
491,Tanya Walker,California,San Diego
492,Sherri Ferguson DVM,Texas,Austin
493,Kristin Hart,California,San Francisco
494,Jim Johnson,Ohio,Cincinnati
495,David Hamilton,Texas,Houston
496,Michael Jimenez,California,Los Angeles
497,Angela Norman,Illinois,Springfield
498,Denise Mcdaniel,California,Los Angeles
499,Michael Rodriguez,New York,Rochester
500,Matthew Huff,California,San Diego
501,Linda Little,Florida,Tampa
502,Kerri Andrews,California,San Francisco
503,Jeffrey Johnson III,California,San Francisco
504,Daniel Dixon,California,San Diego
505,Tiffany Robinson,Florida,Miami
506,Mr. Gregg Sawyer,Illinois,Peoria
507,John Silva,California,Los Angeles
508,Nathan Moss,Illinois,Springfield
509,Donald Medina,Texas,Houston
510,Charles Henderson,Florida,Tampa
511,Brenda Davis,California,San Francisco
512,Leah Calderon,Illinois,Chicago
513,Brandi Vasquez,New York,Rochester
514,Debra Richards,Florida,Tampa
515,Tammy Day,New York,New York City
516,Sheila Clay,New York,Buffalo
517,Nicholas Flores,Ohio,Cleveland
518,Jasmin Jones,Illinois,Chicago
519,Matthew Gardner,Florida,Tampa
520,Joseph Perkins,Florida,Orlando
521,Ashley Adams MD,Florida,Orlando
522,Cheryl Stevens,California,San Francisco
523,Jorge George,New York,New York City
524,Ann Mooney,California,Los Angeles
525,James Mendoza,Ohio,Cleveland
526,Kaitlin Garrison,Ohio,Columbus
527,Jeremy Jackson,Texas,Dallas
528,Dale Craig,California,San Diego
529,Joseph Hooper,New York,Buffalo
530,Alexander Adams,New York,Buffalo
531,Ashlee Mills,Florida,Orlando
532,Brittany Jenkins,New York,Buffalo
533,Eddie Gonzales,Ohio,Cleveland
534,Edward Valencia,Florida,Miami
535,Emma Bruce,Texas,Austin
536,Carl Wade DDS,New York,Buffalo
537,Brandon Alvarado,Ohio,Columbus
538,Jennifer Clark,Texas,Austin
539,David Johnson,Texas,Austin
540,April Marquez,Ohio,Cleveland
541,Joseph Guerrero,California,Los Angeles
542,Michael Hanson,New York,Rochester
543,William Hill,Texas,Dallas
544,Kelsey Huber,Florida,Miami
545,Hailey Chandler,Texas,Dallas
546,Cheyenne Rose,Florida,Orlando
547,Richard Petersen,Illinois,Chicago
548,Kathryn Gray,New York,Rochester
549,Victor Collins,California,San Diego
550,Jason Hernandez,California,San Francisco
551,Jacob Torres,Texas,Houston
552,Erin Hernandez,California,Los Angeles
553,Jacob Guzman,Illinois,Peoria
554,Mike Armstrong,New York,New York City
555,Cindy Rowland,Illinois,Springfield
556,Kenneth Matthews,New York,Rochester
557,Susan Valdez,New York,New York City
558,Stephanie Manning,Florida,Orlando
559,Logan Galloway,New York,New York City
560,Christopher Stone,Ohio,Cincinnati
561,Megan Pitts,Ohio,Columbus
562,Richard Gardner,Ohio,Columbus
563,Samuel Moore,Ohio,Columbus
564,Robert Stokes,Florida,Orlando
565,Danielle Ramirez,California,San Francisco
566,Taylor White,Illinois,Springfield
567,Jordan Krause,Ohio,Cleveland
568,Kimberly King,Ohio,Columbus
569,Sharon Russell,California,San Diego
570,Kevin Cooper,Florida,Tampa
571,Darrell Ramos,New York,Rochester
572,Dr. Terry Alvarado,Florida,Tampa
573,Kathy Wilson,Texas,Dallas
574,Brandon Le,California,San Diego
575,Mary Wright,Ohio,Cincinnati
576,Douglas Reynolds,California,Los Angeles
577,Leroy Harris,Texas,Houston
578,Ricardo Dixon,Illinois,Springfield
579,Debra Smith,Texas,Austin
580,Jasmine James,Texas,Austin
581,Felicia Morton,Ohio,Columbus
582,Sylvia Jenkins,New York,New York City
583,Elizabeth White,New York,Rochester
584,Steven Steele,Illinois,Springfield
585,Amanda Ramirez,Texas,Dallas
586,Kyle Jackson,New York,Buffalo
587,Sharon Wilkins,Illinois,Chicago
588,Austin Hammond,Florida,Miami
589,Jessica Barajas,Illinois,Peoria
590,Jamie Jimenez,New York,Buffalo
591,James Carter,Ohio,Columbus
592,John Williams,Florida,Miami
593,Alicia Oneill,Illinois,Springfield
594,Rebecca Huff,Illinois,Springfield
595,Diana Scott,California,San Diego
596,Brian Young,Texas,Austin
597,Susan Wright,California,Los Angeles
598,Kayla Banks,Ohio,Cincinnati
599,Zachary Pierce,Texas,Houston
600,Nicolas Owen,California,San Francisco
601,Martha Carney,New York,New York City
602,Francisco Hicks,Illinois,Springfield
603,Matthew Parker,Illinois,Springfield
604,Paul Bryant,New York,Buffalo
605,Bruce Dennis,Texas,Austin
606,Joseph Bates,New York,New York City
607,Kelly Pacheco,Texas,Houston
608,Jeffrey Weber,New York,Buffalo
609,Andrew Krueger,New York,Rochester
610,Kathleen Cox,New York,New York City
611,Jamie Bradley,California,San Diego
612,Robert Martinez,Texas,Houston
613,Christopher Rogers,Illinois,Chicago
614,Roberto Parrish,Illinois,Springfield
615,Amber Kennedy,Florida,Tampa
616,Maria Davis,New York,Buffalo
617,Terry Gilbert,Florida,Miami
618,Devon Schmitt,Texas,Austin
619,Robert Mosley,Ohio,Cincinnati
620,Paul Scott,California,San Francisco
621,Kristin Alvarez,Illinois,Springfield
622,Kevin Jackson,New York,Buffalo
623,Mrs. Lauren Potter DDS,Ohio,Columbus
624,Jason Brown,Illinois,Chicago
625,Jamie Santos,California,Los Angeles
626,James Taylor,Florida,Tampa
627,Alicia Vincent,Ohio,Cincinnati
628,Kenneth Adams,Ohio,Cleveland
629,Shelby Browning,Illinois,Chicago
630,Johnny Hill,California,San Diego
631,Nicholas Tucker,Florida,Miami
632,Theresa Cline,Ohio,Cleveland
633,Christine Wheeler,Florida,Tampa
634,Carlos Wells,California,San Diego
635,Randall Bell,New York,New York City
636,Kendra Mckinney,Florida,Miami
637,Amanda Kim,Ohio,Columbus
638,Megan Morgan,Ohio,Cleveland
639,Vincent Kramer,Florida,Orlando
640,Raymond Bean,Illinois,Springfield
641,Reginald Hebert,Ohio,Cincinnati
642,Jeremy Vazquez,Ohio,Cleveland
643,Michael Stewart,Illinois,Peoria
644,Kevin Johnson,Florida,Tampa
645,Tara Hughes,Florida,Tampa
646,Sandra Perkins,Florida,Tampa
647,Heather Bell,California,San Francisco
648,Nancy Boyd,Ohio,Cincinnati
649,Raymond Reyes,California,San Diego
650,Cassandra Jordan,Illinois,Peoria
651,Evelyn Harris,New York,Buffalo
652,Shannon Maynard,Florida,Orlando
653,Marie James,New York,Buffalo
654,Maria Carroll,Ohio,Cleveland
655,Jessica Sloan,Texas,Austin
656,Scott Craig,Illinois,Peoria
657,Kaitlin Brown,Texas,Dallas
658,William Beck,Florida,Tampa
659,Eric Mason,Florida,Orlando
660,Lisa Lowe,Florida,Miami
661,Roy Miller,California,San Francisco
662,Christopher Espinoza,Ohio,Columbus
663,Claire Cole,Texas,Houston
664,Eric Nunez,California,San Diego
665,David Bell,California,Los Angeles
666,Patrick Hensley MD,Ohio,Cincinnati
667,John Cox,Illinois,Peoria
668,Michelle Sullivan,Illinois,Chicago
669,Angela Todd,New York,New York City
670,Luke Saunders,Texas,Dallas
671,Dr. Jennifer Benton DVM,Illinois,Springfield
672,Keith Smith,Florida,Miami
673,Danielle Mitchell,Illinois,Peoria
674,Jesus Hernandez,California,Los Angeles
675,Jason Norman,Florida,Miami
676,Laura Poole,New York,Rochester
677,Sarah Wagner,Texas,Houston
678,Bryan Baird,Illinois,Peoria
679,Amy Thompson,Ohio,Cincinnati
680,Ashley Wright,Ohio,Cleveland
681,Michelle Lynch,Illinois,Springfield
682,Ryan Hale,Ohio,Cleveland
683,Marie Jefferson,Florida,Orlando
684,Vanessa Smith,Texas,Houston
685,Ryan Foster,Ohio,Columbus
686,David Lara,California,San Diego
687,Jonathan Young,Illinois,Springfield
688,Debra Townsend,Ohio,Cincinnati
689,John Thomas,California,San Francisco
690,Bryan Anderson,California,Los Angeles
691,Sarah Miller,New York,New York City
692,Robert Hill,Ohio,Columbus
693,Joshua Rojas,Florida,Miami
694,Angelica Lewis,New York,New York City
695,Jessica Russell,Texas,Dallas
696,Mary Johnson,New York,Rochester
697,Joseph Knight,Illinois,Peoria
698,Jessica Greene,New York,New York City
699,Vincent Perez,New York,Rochester
700,Dennis Rivera,California,San Francisco
701,Nancy Keller,Texas,Dallas
702,Michelle Anderson,Ohio,Cleveland
703,Anthony May,Florida,Tampa
704,Michelle Guerra,New York,New York City
705,Meghan Ballard,New York,New York City
706,Brian Wheeler,New York,Buffalo
707,William Rosario,Texas,Dallas
708,Jessica Hunt,Illinois,Springfield
709,Tony Chavez,Ohio,Columbus
710,Mary Crawford,Ohio,Cincinnati
711,Roger Morrison,Ohio,Cincinnati
712,Bethany Harrison,California,Los Angeles
713,Lisa Mcintyre,Florida,Orlando
714,Carolyn Gonzalez,Florida,Miami
715,Christina Oconnell,California,San Francisco
716,James Garcia,New York,Buffalo
717,Emily Frederick,Texas,Austin
718,Shawn Wise,California,San Francisco
719,Carrie Alvarez,Illinois,Peoria
720,Matthew James,Illinois,Peoria
721,Jerry Alvarado,New York,New York City
722,Paul Zimmerman,New York,Rochester
723,Carl Ryan,Texas,Dallas
724,Kelly Roberts,New York,Buffalo
725,Jack Woods,Illinois,Peoria
726,Albert Alexander Jr.,Ohio,Cleveland
727,Teresa Perez,Texas,Austin
728,Amanda Williams,Ohio,Columbus
729,Kristen Lawson,Illinois,Springfield
730,Jacob Stewart,Florida,Miami
731,Daniel Brooks,Illinois,Peoria
732,Aaron Dunn,Illinois,Springfield
733,Jacob Martinez,California,Los Angeles
734,Raymond Burgess,California,San Diego
735,Jennifer Cooke,California,San Francisco
736,Tyrone White,California,San Diego
737,Charles Williams,Texas,Dallas
738,Amy Page,Ohio,Columbus
739,Scott Gibbs,California,Los Angeles
740,Angela Roberts,Ohio,Cleveland
741,Kyle Hernandez,Texas,Dallas
742,Cynthia Ferguson,Texas,Austin
743,Brandi Garcia,California,San Francisco
744,Matthew Blake,California,San Francisco
745,Lauren Howell,New York,Buffalo
746,Joseph Wilson,Ohio,Cincinnati
747,Tanner Vance,Texas,Houston
748,Michael Nash,New York,Buffalo
749,Brent Thomas,Illinois,Peoria
750,Harold Mitchell,Texas,Austin
751,Ashley Palmer,Florida,Miami
752,Stephen Hogan,California,San Diego
753,George Ashley,Texas,Houston
754,Sara Bailey,Ohio,Cincinnati
755,Tanya Thomas MD,Texas,Dallas
756,Maria Galvan,Ohio,Columbus
757,Duane Kelly,New York,New York City
758,Frank Reynolds,Illinois,Springfield
759,Aaron Kim,New York,Buffalo
760,David Allen,Florida,Tampa
761,Monica Lee,California,San Diego
762,Kimberly Fuller,Ohio,Cleveland
763,Erica Scott,Illinois,Chicago
764,Melissa Mitchell,Illinois,Chicago
765,Joshua Murray,Texas,Dallas
766,John Jones,California,San Diego
767,Cheryl Johnson,Ohio,Cincinnati
768,Lisa Farmer,Texas,Houston
769,Christopher Walker,Ohio,Cincinnati
770,Elizabeth Coffey,New York,Buffalo
771,Joseph Clark,Ohio,Cincinnati
772,Jamie Brewer,Illinois,Springfield
773,Lauren Boyer,Texas,Dallas
774,Howard Esparza,Texas,Houston
775,James Hickman,Ohio,Cleveland
776,Jennifer Hernandez,Ohio,Cleveland
777,Shannon Warren,New York,New York City
778,Ashley Aguilar,Illinois,Chicago
779,Daniel Price,New York,New York City
780,James Perez,Florida,Orlando
781,Jerry Smith,California,San Diego
782,Andre Fernandez,Florida,Orlando
783,Anthony West,California,San Diego
784,Amber Flowers,Florida,Tampa
785,Patricia Davis,Illinois,Chicago
786,Jasmine Gibbs,Texas,Austin
787,Nicole Dudley,New York,New York City
788,Lori Colon,New York,Buffalo
789,William Carr,Texas,Dallas
790,Jeffrey Dixon,New York,New York City
791,Robert Sexton,California,Los Angeles
792,Brooke Gonzalez,Florida,Miami
793,Victoria Bryant MD,California,San Francisco
794,Nancy Kennedy,Texas,Dallas
795,Andrew Barry,Illinois,Peoria
796,Carlos Wheeler,Ohio,Cleveland
797,Isabella Roach,Illinois,Peoria
798,Samantha Williams,Florida,Orlando
799,Samuel Little MD,Illinois,Chicago
800,Paul Taylor,California,San Francisco
801,Susan Baker,California,San Diego
802,Mark Fry,Texas,Austin
803,Megan Mclean,New York,New York City
804,Caitlin Hunt,New York,Rochester
805,Jenna Holland,Texas,Austin
806,Stephanie Oconnell,New York,Buffalo
807,Andrea Hill,Illinois,Chicago
